{
  "0": {
    "scale": 0.22101546823978424,
    "zero_point": -127,
    "min": -0.27846455574035645,
    "max": 56.08047866821289
  },
  "1": {
    "scale": 0.8473636507987976,
    "zero_point": -128,
    "min": -0.27846455574035645,
    "max": 215.7992706298828
  },
  "2": {
    "scale": 0.09448770433664322,
    "zero_point": -125,
    "min": -0.27846455574035645,
    "max": 23.815898895263672
  },
  "3": {
    "scale": 0.04066067188978195,
    "zero_point": -121,
    "min": -0.27846455574035645,
    "max": 10.090006828308105
  },
  "4": {
    "scale": 0.04871935024857521,
    "zero_point": -122,
    "min": -0.27846455574035645,
    "max": 12.144969940185547
  },
  "5": {
    "scale": 0.048756856471300125,
    "zero_point": -122,
    "min": -0.27846455574035645,
    "max": 12.154534339904785
  },
  "6": {
    "scale": 0.045204754918813705,
    "zero_point": -122,
    "min": -0.27846455574035645,
    "max": 11.248747825622559
  },
  "7": {
    "scale": 0.038469668477773666,
    "zero_point": -121,
    "min": -0.27846455574035645,
    "max": 9.531301498413086
  },
  "8": {
    "scale": 0.07440360635519028,
    "zero_point": -124,
    "min": -0.27846455574035645,
    "max": 18.694454193115234
  },
  "9": {
    "scale": 0.01933285966515541,
    "zero_point": -114,
    "min": -0.27846455574035645,
    "max": 4.65141487121582
  },
  "10": {
    "scale": 0.01933285966515541,
    "zero_point": -114,
    "min": -0.27846455574035645,
    "max": 4.65141487121582
  },
  "11": {
    "scale": 0.045204754918813705,
    "zero_point": -122,
    "min": -0.27846455574035645,
    "max": 11.248747825622559
  },
  "12": {
    "scale": 0.02915498986840248,
    "zero_point": -118,
    "min": -0.27846455574035645,
    "max": 7.156058311462402
  },
  "13": {
    "scale": 0.02915498986840248,
    "zero_point": -118,
    "min": -0.27846455574035645,
    "max": 7.156058311462402
  },
  "14": {
    "scale": 0.04871935024857521,
    "zero_point": -122,
    "min": -0.27846455574035645,
    "max": 12.144969940185547
  },
  "15": {
    "scale": 0.07546117156744003,
    "zero_point": -124,
    "min": -0.27846455574035645,
    "max": 18.964134216308594
  },
  "16": {
    "scale": 0.03568563982844353,
    "zero_point": -120,
    "min": -0.27846455574035645,
    "max": 8.82137393951416
  },
  "17": {
    "scale": 0.03568563982844353,
    "zero_point": -120,
    "min": -0.27846455574035645,
    "max": 8.82137393951416
  },
  "18": {
    "scale": 0.029865941032767296,
    "zero_point": -119,
    "min": -0.27846455574035645,
    "max": 7.337350845336914
  },
  "19": {
    "scale": 0.03668712079524994,
    "zero_point": -120,
    "min": -0.27846455574035645,
    "max": 9.076751708984375
  },
  "20": {
    "scale": 0.03668712079524994,
    "zero_point": -120,
    "min": -0.27846455574035645,
    "max": 9.076751708984375
  },
  "21": {
    "scale": 0.04892463609576225,
    "zero_point": -122,
    "min": -0.27846455574035645,
    "max": 12.197318077087402
  },
  "22": {
    "scale": 2.532183885574341,
    "zero_point": -128,
    "min": 2.1986265585915987e-10,
    "max": 645.7069091796875
  }
}